{
  "timestamp": "2026-04-12T11:56:13",
  "program": "Hamilton Standard H432 \u2013 NASA CR-2066",
  "nof": 2,
  "rows": [
    {
      "condition": 1,
      "blades": 4.0,
      "af": 150.0,
      "cli": 0.5,
      "dia_ft": 6.0,
      "tipspd_fps": 850.0,
      "cp": 0.08883469608345854,
      "ct": 0.13094148182856585,
      "blade_ang": 15.196087842522433,
      "j": 0.4447068235294118,
      "mach_tip": 0.7589300345968728,
      "mach_fs": 0.1076546075511603,
      "ft": 1.0,
      "thrust_lb": 820.0,
      "shp": 273.62579675813697,
      "pnl_db": 97.32324006307425,
      "wt70_lb": 104.79331713079377,
      "wt80_lb": 104.79331713079377,
      "cost70": 1033.494276520761,
      "cost80": 925.1133906120265,
      "qty70": [
        2810.0
      ],
      "qty80": [
        5470.0
      ],
      "cost70_qty": [
        1033.494276520761
      ],
      "cost80_qty": [
        925.1133906120265
      ],
      "off_chart": "False"
    },
    {
      "condition": 1,
      "blades": 4.0,
      "af": 150.0,
      "cli": 0.5,
      "dia_ft": 6.0,
      "tipspd_fps": 750.0,
      "cp": 0.12756831999275123,
      "ct": 0.16818705888202456,
      "blade_ang": 18.611776759040843,
      "j": 0.5040010666666667,
      "mach_tip": 0.6696441481737113,
      "mach_fs": 0.1076546075511603,
      "ft": 0.9999999999999998,
      "thrust_lb": 820.0,
      "shp": 269.9257193577159,
      "pnl_db": 93.19552402036389,
      "wt70_lb": 100.1379907988725,
      "wt80_lb": 100.1379907988725,
      "cost70": 987.5824450117724,
      "cost80": 884.0162591799344,
      "qty70": [
        2810.0
      ],
      "qty80": [
        5470.0
      ],
      "cost70_qty": [
        987.5824450117724
      ],
      "cost80_qty": [
        884.0162591799344
      ],
      "off_chart": "False"
    },
    {
      "condition": 1,
      "blades": 4.0,
      "af": 150.0,
      "cli": 0.5,
      "dia_ft": 6.0,
      "tipspd_fps": 650.0,
      "cp": 0.19931347658932347,
      "ct": 0.22391768194352385,
      "blade_ang": 23.553310593641623,
      "j": 0.5815396923076923,
      "mach_tip": 0.5803582617505498,
      "mach_fs": 0.1076546075511603,
      "ft": 0.9999999999999999,
      "thrust_lb": 820.0,
      "shp": 274.53288601784294,
      "pnl_db": 89.68929361642952,
      "wt70_lb": 95.43971173823067,
      "wt80_lb": 95.43971173823067,
      "cost70": 941.2470044358216,
      "cost80": 842.5399418837943,
      "qty70": [
        2810.0
      ],
      "qty80": [
        5470.0
      ],
      "cost70_qty": [
        941.2470044358216
      ],
      "cost80_qty": [
        842.5399418837943
      ],
      "off_chart": "False"
    },
    {
      "condition": 1,
      "blades": 4.0,
      "af": 150.0,
      "cli": 0.5,
      "dia_ft": 6.0,
      "tipspd_fps": 550.0,
      "cp": 0.32680840263530314,
      "ct": 0.3127445309789713,
      "blade_ang": 30.289851702249454,
      "j": 0.6872741818181819,
      "mach_tip": 0.4910723753273882,
      "mach_fs": 0.1076546075511603,
      "ft": 1.0,
      "thrust_lb": 820.0,
      "shp": 272.70865651951465,
      "pnl_db": 86.13017339726805,
      "wt70_lb": 89.9474656520105,
      "wt80_lb": 89.9474656520105,
      "cost70": 887.081289953594,
      "cost80": 794.0544989374927,
      "qty70": [
        2810.0
      ],
      "qty80": [
        5470.0
      ],
      "cost70_qty": [
        887.081289953594
      ],
      "cost80_qty": [
        794.0544989374927
      ],
      "off_chart": "False"
    },
    {
      "condition": 1,
      "blades": 4.0,
      "af": 150.0,
      "cli": 0.5,
      "dia_ft": 8.0,
      "tipspd_fps": 850.0,
      "cp": 0.05349083014117206,
      "ct": 0.07365458352856828,
      "blade_ang": 11.509151403982207,
      "j": 0.4447068235294118,
      "mach_tip": 0.7589300345968728,
      "mach_fs": 0.1076546075511603,
      "ft": 1.0,
      "thrust_lb": 820.0,
      "shp": 292.9079972763331,
      "pnl_db": 94.00791636223177,
      "wt70_lb": 175.29707397821372,
      "wt80_lb": 175.29707397821372,
      "cost70": 1728.8175201210759,
      "cost80": 1547.5192017249217,
      "qty70": [
        2810.0
      ],
      "qty80": [
        5470.0
      ],
      "cost70_qty": [
        1728.8175201210759
      ],
      "cost80_qty": [
        1547.5192017249217
      ],
      "off_chart": "False"
    },
    {
      "condition": 1,
      "blades": 4.0,
      "af": 150.0,
      "cli": 0.5,
      "dia_ft": 8.0,
      "tipspd_fps": 750.0,
      "cp": 0.06903314256105916,
      "ct": 0.09460522062113882,
      "blade_ang": 14.010132149331774,
      "j": 0.5040010666666667,
      "mach_tip": 0.6696441481737113,
      "mach_fs": 0.1076546075511603,
      "ft": 0.9999999999999998,
      "thrust_lb": 820.0,
      "shp": 259.67883167059335,
      "pnl_db": 89.20790258267587,
      "wt70_lb": 165.37662456881418,
      "wt80_lb": 165.37662456881418,
      "cost70": 1630.9799101871174,
      "cost80": 1459.941664904801,
      "qty70": [
        2810.0
      ],
      "qty80": [
        5470.0
      ],
      "cost70_qty": [
        1630.9799101871174
      ],
      "cost80_qty": [
        1459.941664904801
      ],
      "off_chart": "False"
    },
    {
      "condition": 1,
      "blades": 4.0,
      "af": 150.0,
      "cli": 0.5,
      "dia_ft": 8.0,
      "tipspd_fps": 650.0,
      "cp": 0.09913172478646669,
      "ct": 0.12595369609323215,
      "blade_ang": 17.452662674587724,
      "j": 0.5815396923076923,
      "mach_tip": 0.5803582617505498,
      "mach_fs": 0.1076546075511603,
      "ft": 0.9999999999999999,
      "thrust_lb": 820.0,
      "shp": 242.74363261339977,
      "pnl_db": 85.07679798603462,
      "wt70_lb": 156.02985751973404,
      "wt80_lb": 156.02985751973404,
      "cost70": 1538.800079319271,
      "cost80": 1377.4285849414757,
      "qty70": [
        2810.0
      ],
      "qty80": [
        5470.0
      ],
      "cost70_qty": [
        1538.800079319271
      ],
      "cost80_qty": [
        1377.4285849414757
      ],
      "off_chart": "False"
    },
    {
      "condition": 1,
      "blades": 4.0,
      "af": 150.0,
      "cli": 0.5,
      "dia_ft": 8.0,
      "tipspd_fps": 550.0,
      "cp": 0.16321177405442489,
      "ct": 0.17591879867567137,
      "blade_ang": 22.520205404670897,
      "j": 0.6872741818181819,
      "mach_tip": 0.4910723753273882,
      "mach_fs": 0.1076546075511603,
      "ft": 1.0,
      "thrust_lb": 820.0,
      "shp": 242.1222317100075,
      "pnl_db": 81.03294806767904,
      "wt70_lb": 147.1232794553442,
      "wt80_lb": 147.1232794553442,
      "cost70": 1450.9614870792382,
      "cost80": 1298.8014848792222,
      "qty70": [
        2810.0
      ],
      "qty80": [
        5470.0
      ],
      "cost70_qty": [
        1450.9614870792382
      ],
      "cost80_qty": [
        1298.8014848792222
      ],
      "off_chart": "False"
    },
    {
      "condition": 2,
      "blades": 4.0,
      "af": 150.0,
      "cli": 0.5,
      "dia_ft": 6.0,
      "tipspd_fps": 850.0,
      "cp": 0.0922790580171303,
      "ct": 0.07394948336588635,
      "blade_ang": 23.508261643740813,
      "j": 1.0193279999999998,
      "mach_tip": 0.779226049025301,
      "mach_fs": 0.2533579316085899,
      "ft": 1.0,
      "thrust_lb": 370.0,
      "shp": 227.09498816937864,
      "pnl_db": 0.0,
      "wt70_lb": 0.0,
      "wt80_lb": 0.0,
      "cost70": 0.0,
      "cost80": 0.0,
      "qty70": [],
      "qty80": [],
      "cost70_qty": [],
      "cost80_qty": [],
      "off_chart": "False"
    },
    {
      "condition": 2,
      "blades": 4.0,
      "af": 150.0,
      "cli": 0.5,
      "dia_ft": 6.0,
      "tipspd_fps": 750.0,
      "cp": 0.12872727474759887,
      "ct": 0.09498400307884958,
      "blade_ang": 27.073082043016353,
      "j": 1.1552383999999998,
      "mach_tip": 0.6875523961987949,
      "mach_fs": 0.2533579316085899,
      "ft": 1.0,
      "thrust_lb": 370.0,
      "shp": 217.62159307765899,
      "pnl_db": 0.0,
      "wt70_lb": 0.0,
      "wt80_lb": 0.0,
      "cost70": 0.0,
      "cost80": 0.0,